0000|00|00
0001|00|01
0002|00|02
0003|00|03
0004|00|04
0005|00|05
0006|00|06
0007|00|07
0008|00|08
0009|00|09
0010|00|10
0011|00|11
0012|00|12
0013|00|13
0014|00|14
0015|00|15
0016|00|16
0017|00|17
0018|00|18
0019|00|19
0020|00|20
0021|00|21
0022|00|22
0023|00|23
0024|00|24
0025|00|25
0026|00|26
0027|00|27
0028|00|28
0029|00|29
0030|00|30
0031|00|31
0032|00|32
0033|00|33
0034|00|34
0035|00|35
0036|00|36
0037|00|37
0038|00|38
0039|00|39
0040|00|40
0041|00|41
0042|00|42
0043|00|43
0044|00|44
0045|00|45
0046|00|46
0047|00|47
0048|00|48
0049|00|49
0050|00|50
0051|00|51
0052|00|52
0053|00|53
0054|00|54
0055|00|55
0056|00|56
0057|00|57
0058|00|58
0059|00|59
0100|01|00
0101|01|01
0102|01|02
0103|01|03
0104|01|04
0105|01|05
0106|01|06
0107|01|07
0108|01|08
0109|01|09
0110|01|10
0111|01|11
0112|01|12
0113|01|13
0114|01|14
0115|01|15
0116|01|16
0117|01|17
0118|01|18
0119|01|19
0120|01|20
0121|01|21
0122|01|22
0123|01|23
0124|01|24
0125|01|25
0126|01|26
0127|01|27
0128|01|28
0129|01|29
0130|01|30
0131|01|31
0132|01|32
0133|01|33
0134|01|34
0135|01|35
0136|01|36
0137|01|37
0138|01|38
0139|01|39
0140|01|40
0141|01|41
0142|01|42
0143|01|43
0144|01|44
0145|01|45
0146|01|46
0147|01|47
0148|01|48
0149|01|49
0150|01|50
0151|01|51
0152|01|52
0153|01|53
0154|01|54
0155|01|55
0156|01|56
0157|01|57
0158|01|58
0159|01|59
0200|02|00
0201|02|01
0202|02|02
0203|02|03
0204|02|04
0205|02|05
0206|02|06
0207|02|07
0208|02|08
0209|02|09
0210|02|10
0211|02|11
0212|02|12
0213|02|13
0214|02|14
0215|02|15
0216|02|16
0217|02|17
0218|02|18
0219|02|19
0220|02|20
0221|02|21
0222|02|22
0223|02|23
0224|02|24
0225|02|25
0226|02|26
0227|02|27
0228|02|28
0229|02|29
0230|02|30
0231|02|31
0232|02|32
0233|02|33
0234|02|34
0235|02|35
0236|02|36
0237|02|37
0238|02|38
0239|02|39
0240|02|40
0241|02|41
0242|02|42
0243|02|43
0244|02|44
0245|02|45
0246|02|46
0247|02|47
0248|02|48
0249|02|49
0250|02|50
0251|02|51
0252|02|52
0253|02|53
0254|02|54
0255|02|55
0256|02|56
0257|02|57
0258|02|58
0259|02|59
0300|03|00
0301|03|01
0302|03|02
0303|03|03
0304|03|04
0305|03|05
0306|03|06
0307|03|07
0308|03|08
0309|03|09
0310|03|10
0311|03|11
0312|03|12
0313|03|13
0314|03|14
0315|03|15
0316|03|16
0317|03|17
0318|03|18
0319|03|19
0320|03|20
0321|03|21
0322|03|22
0323|03|23
0324|03|24
0325|03|25
0326|03|26
0327|03|27
0328|03|28
0329|03|29
0330|03|30
0331|03|31
0332|03|32
0333|03|33
0334|03|34
0335|03|35
0336|03|36
0337|03|37
0338|03|38
0339|03|39
0340|03|40
0341|03|41
0342|03|42
0343|03|43
0344|03|44
0345|03|45
0346|03|46
0347|03|47
0348|03|48
0349|03|49
0350|03|50
0351|03|51
0352|03|52
0353|03|53
0354|03|54
0355|03|55
0356|03|56
0357|03|57
0358|03|58
0359|03|59
0400|04|00
0401|04|01
0402|04|02
0403|04|03
0404|04|04
0405|04|05
0406|04|06
0407|04|07
0408|04|08
0409|04|09
0410|04|10
0411|04|11
0412|04|12
0413|04|13
0414|04|14
0415|04|15
0416|04|16
0417|04|17
0418|04|18
0419|04|19
0420|04|20
0421|04|21
0422|04|22
0423|04|23
0424|04|24
0425|04|25
0426|04|26
0427|04|27
0428|04|28
0429|04|29
0430|04|30
0431|04|31
0432|04|32
0433|04|33
0434|04|34
0435|04|35
0436|04|36
0437|04|37
0438|04|38
0439|04|39
0440|04|40
0441|04|41
0442|04|42
0443|04|43
0444|04|44
0445|04|45
0446|04|46
0447|04|47
0448|04|48
0449|04|49
0450|04|50
0451|04|51
0452|04|52
0453|04|53
0454|04|54
0455|04|55
0456|04|56
0457|04|57
0458|04|58
0459|04|59
0500|05|00
0501|05|01
0502|05|02
0503|05|03
0504|05|04
0505|05|05
0506|05|06
0507|05|07
0508|05|08
0509|05|09
0510|05|10
0511|05|11
0512|05|12
0513|05|13
0514|05|14
0515|05|15
0516|05|16
0517|05|17
0518|05|18
0519|05|19
0520|05|20
0521|05|21
0522|05|22
0523|05|23
0524|05|24
0525|05|25
0526|05|26
0527|05|27
0528|05|28
0529|05|29
0530|05|30
0531|05|31
0532|05|32
0533|05|33
0534|05|34
0535|05|35
0536|05|36
0537|05|37
0538|05|38
0539|05|39
0540|05|40
0541|05|41
0542|05|42
0543|05|43
0544|05|44
0545|05|45
0546|05|46
0547|05|47
0548|05|48
0549|05|49
0550|05|50
0551|05|51
0552|05|52
0553|05|53
0554|05|54
0555|05|55
0556|05|56
0557|05|57
0558|05|58
0559|05|59
0600|06|00
0601|06|01
0602|06|02
0603|06|03
0604|06|04
0605|06|05
0606|06|06
0607|06|07
0608|06|08
0609|06|09
0610|06|10
0611|06|11
0612|06|12
0613|06|13
0614|06|14
0615|06|15
0616|06|16
0617|06|17
0618|06|18
0619|06|19
0620|06|20
0621|06|21
0622|06|22
0623|06|23
0624|06|24
0625|06|25
0626|06|26
0627|06|27
0628|06|28
0629|06|29
0630|06|30
0631|06|31
0632|06|32
0633|06|33
0634|06|34
0635|06|35
0636|06|36
0637|06|37
0638|06|38
0639|06|39
0640|06|40
0641|06|41
0642|06|42
0643|06|43
0644|06|44
0645|06|45
0646|06|46
0647|06|47
0648|06|48
0649|06|49
0650|06|50
0651|06|51
0652|06|52
0653|06|53
0654|06|54
0655|06|55
0656|06|56
0657|06|57
0658|06|58
0659|06|59
0700|07|00
0701|07|01
0702|07|02
0703|07|03
0704|07|04
0705|07|05
0706|07|06
0707|07|07
0708|07|08
0709|07|09
0710|07|10
0711|07|11
0712|07|12
0713|07|13
0714|07|14
0715|07|15
0716|07|16
0717|07|17
0718|07|18
0719|07|19
0720|07|20
0721|07|21
0722|07|22
0723|07|23
0724|07|24
0725|07|25
0726|07|26
0727|07|27
0728|07|28
0729|07|29
0730|07|30
0731|07|31
0732|07|32
0733|07|33
0734|07|34
0735|07|35
0736|07|36
0737|07|37
0738|07|38
0739|07|39
0740|07|40
0741|07|41
0742|07|42
0743|07|43
0744|07|44
0745|07|45
0746|07|46
0747|07|47
0748|07|48
0749|07|49
0750|07|50
0751|07|51
0752|07|52
0753|07|53
0754|07|54
0755|07|55
0756|07|56
0757|07|57
0758|07|58
0759|07|59
0800|08|00
0801|08|01
0802|08|02
0803|08|03
0804|08|04
0805|08|05
0806|08|06
0807|08|07
0808|08|08
0809|08|09
0810|08|10
0811|08|11
0812|08|12
0813|08|13
0814|08|14
0815|08|15
0816|08|16
0817|08|17
0818|08|18
0819|08|19
0820|08|20
0821|08|21
0822|08|22
0823|08|23
0824|08|24
0825|08|25
0826|08|26
0827|08|27
0828|08|28
0829|08|29
0830|08|30
0831|08|31
0832|08|32
0833|08|33
0834|08|34
0835|08|35
0836|08|36
0837|08|37
0838|08|38
0839|08|39
0840|08|40
0841|08|41
0842|08|42
0843|08|43
0844|08|44
0845|08|45
0846|08|46
0847|08|47
0848|08|48
0849|08|49
0850|08|50
0851|08|51
0852|08|52
0853|08|53
0854|08|54
0855|08|55
0856|08|56
0857|08|57
0858|08|58
0859|08|59
0900|09|00
0901|09|01
0902|09|02
0903|09|03
0904|09|04
0905|09|05
0906|09|06
0907|09|07
0908|09|08
0909|09|09
0910|09|10
0911|09|11
0912|09|12
0913|09|13
0914|09|14
0915|09|15
0916|09|16
0917|09|17
0918|09|18
0919|09|19
0920|09|20
0921|09|21
0922|09|22
0923|09|23
0924|09|24
0925|09|25
0926|09|26
0927|09|27
0928|09|28
0929|09|29
0930|09|30
0931|09|31
0932|09|32
0933|09|33
0934|09|34
0935|09|35
0936|09|36
0937|09|37
0938|09|38
0939|09|39
0940|09|40
0941|09|41
0942|09|42
0943|09|43
0944|09|44
0945|09|45
0946|09|46
0947|09|47
0948|09|48
0949|09|49
0950|09|50
0951|09|51
0952|09|52
0953|09|53
0954|09|54
0955|09|55
0956|09|56
0957|09|57
0958|09|58
0959|09|59
1000|10|00
1001|10|01
1002|10|02
1003|10|03
1004|10|04
1005|10|05
1006|10|06
1007|10|07
1008|10|08
1009|10|09
1010|10|10
1011|10|11
1012|10|12
1013|10|13
1014|10|14
1015|10|15
1016|10|16
1017|10|17
1018|10|18
1019|10|19
1020|10|20
1021|10|21
1022|10|22
1023|10|23
1024|10|24
1025|10|25
1026|10|26
1027|10|27
1028|10|28
1029|10|29
1030|10|30
1031|10|31
1032|10|32
1033|10|33
1034|10|34
1035|10|35
1036|10|36
1037|10|37
1038|10|38
1039|10|39
1040|10|40
1041|10|41
1042|10|42
1043|10|43
1044|10|44
1045|10|45
1046|10|46
1047|10|47
1048|10|48
1049|10|49
1050|10|50
1051|10|51
1052|10|52
1053|10|53
1054|10|54
1055|10|55
1056|10|56
1057|10|57
1058|10|58
1059|10|59
1100|11|00
1101|11|01
1102|11|02
1103|11|03
1104|11|04
1105|11|05
1106|11|06
1107|11|07
1108|11|08
1109|11|09
1110|11|10
1111|11|11
1112|11|12
1113|11|13
1114|11|14
1115|11|15
1116|11|16
1117|11|17
1118|11|18
1119|11|19
1120|11|20
1121|11|21
1122|11|22
1123|11|23
1124|11|24
1125|11|25
1126|11|26
1127|11|27
1128|11|28
1129|11|29
1130|11|30
1131|11|31
1132|11|32
1133|11|33
1134|11|34
1135|11|35
1136|11|36
1137|11|37
1138|11|38
1139|11|39
1140|11|40
1141|11|41
1142|11|42
1143|11|43
1144|11|44
1145|11|45
1146|11|46
1147|11|47
1148|11|48
1149|11|49
1150|11|50
1151|11|51
1152|11|52
1153|11|53
1154|11|54
1155|11|55
1156|11|56
1157|11|57
1158|11|58
1159|11|59
1200|12|00
1201|12|01
1202|12|02
1203|12|03
1204|12|04
1205|12|05
1206|12|06
1207|12|07
1208|12|08
1209|12|09
1210|12|10
1211|12|11
1212|12|12
1213|12|13
1214|12|14
1215|12|15
1216|12|16
1217|12|17
1218|12|18
1219|12|19
1220|12|20
1221|12|21
1222|12|22
1223|12|23
1224|12|24
1225|12|25
1226|12|26
1227|12|27
1228|12|28
1229|12|29
1230|12|30
1231|12|31
1232|12|32
1233|12|33
1234|12|34
1235|12|35
1236|12|36
1237|12|37
1238|12|38
1239|12|39
1240|12|40
1241|12|41
1242|12|42
1243|12|43
1244|12|44
1245|12|45
1246|12|46
1247|12|47
1248|12|48
1249|12|49
1250|12|50
1251|12|51
1252|12|52
1253|12|53
1254|12|54
1255|12|55
1256|12|56
1257|12|57
1258|12|58
1259|12|59
1300|13|00
1301|13|01
1302|13|02
1303|13|03
1304|13|04
1305|13|05
1306|13|06
1307|13|07
1308|13|08
1309|13|09
1310|13|10
1311|13|11
1312|13|12
1313|13|13
1314|13|14
1315|13|15
1316|13|16
1317|13|17
1318|13|18
1319|13|19
1320|13|20
1321|13|21
1322|13|22
1323|13|23
1324|13|24
1325|13|25
1326|13|26
1327|13|27
1328|13|28
1329|13|29
1330|13|30
1331|13|31
1332|13|32
1333|13|33
1334|13|34
1335|13|35
1336|13|36
1337|13|37
1338|13|38
1339|13|39
1340|13|40
1341|13|41
1342|13|42
1343|13|43
1344|13|44
1345|13|45
1346|13|46
1347|13|47
1348|13|48
1349|13|49
1350|13|50
1351|13|51
1352|13|52
1353|13|53
1354|13|54
1355|13|55
1356|13|56
1357|13|57
1358|13|58
1359|13|59
1400|14|00
1401|14|01
1402|14|02
1403|14|03
1404|14|04
1405|14|05
1406|14|06
1407|14|07
1408|14|08
1409|14|09
1410|14|10
1411|14|11
1412|14|12
1413|14|13
1414|14|14
1415|14|15
1416|14|16
1417|14|17
1418|14|18
1419|14|19
1420|14|20
1421|14|21
1422|14|22
1423|14|23
1424|14|24
1425|14|25
1426|14|26
1427|14|27
1428|14|28
1429|14|29
1430|14|30
1431|14|31
1432|14|32
1433|14|33
1434|14|34
1435|14|35
1436|14|36
1437|14|37
1438|14|38
1439|14|39
1440|14|40
1441|14|41
1442|14|42
1443|14|43
1444|14|44
1445|14|45
1446|14|46
1447|14|47
1448|14|48
1449|14|49
1450|14|50
1451|14|51
1452|14|52
1453|14|53
1454|14|54
1455|14|55
1456|14|56
1457|14|57
1458|14|58
1459|14|59
1500|15|00
1501|15|01
1502|15|02
1503|15|03
1504|15|04
1505|15|05
1506|15|06
1507|15|07
1508|15|08
1509|15|09
1510|15|10
1511|15|11
1512|15|12
1513|15|13
1514|15|14
1515|15|15
1516|15|16
1517|15|17
1518|15|18
1519|15|19
1520|15|20
1521|15|21
1522|15|22
1523|15|23
1524|15|24
1525|15|25
1526|15|26
1527|15|27
1528|15|28
1529|15|29
1530|15|30
1531|15|31
1532|15|32
1533|15|33
1534|15|34
1535|15|35
1536|15|36
1537|15|37
1538|15|38
1539|15|39
1540|15|40
1541|15|41
1542|15|42
1543|15|43
1544|15|44
1545|15|45
1546|15|46
1547|15|47
1548|15|48
1549|15|49
1550|15|50
1551|15|51
1552|15|52
1553|15|53
1554|15|54
1555|15|55
1556|15|56
1557|15|57
1558|15|58
1559|15|59
1600|16|00
1601|16|01
1602|16|02
1603|16|03
1604|16|04
1605|16|05
1606|16|06
1607|16|07
1608|16|08
1609|16|09
1610|16|10
1611|16|11
1612|16|12
1613|16|13
1614|16|14
1615|16|15
1616|16|16
1617|16|17
1618|16|18
1619|16|19
1620|16|20
1621|16|21
1622|16|22
1623|16|23
1624|16|24
1625|16|25
1626|16|26
1627|16|27
1628|16|28
1629|16|29
1630|16|30
1631|16|31
1632|16|32
1633|16|33
1634|16|34
1635|16|35
1636|16|36
1637|16|37
1638|16|38
1639|16|39
1640|16|40
1641|16|41
1642|16|42
1643|16|43
1644|16|44
1645|16|45
1646|16|46
1647|16|47
1648|16|48
1649|16|49
1650|16|50
1651|16|51
1652|16|52
1653|16|53
1654|16|54
1655|16|55
1656|16|56
1657|16|57
1658|16|58
1659|16|59
1700|17|00
1701|17|01
1702|17|02
1703|17|03
1704|17|04
1705|17|05
1706|17|06
1707|17|07
1708|17|08
1709|17|09
1710|17|10
1711|17|11
1712|17|12
1713|17|13
1714|17|14
1715|17|15
1716|17|16
1717|17|17
1718|17|18
1719|17|19
1720|17|20
1721|17|21
1722|17|22
1723|17|23
1724|17|24
1725|17|25
1726|17|26
1727|17|27
1728|17|28
1729|17|29
1730|17|30
1731|17|31
1732|17|32
1733|17|33
1734|17|34
1735|17|35
1736|17|36
1737|17|37
1738|17|38
1739|17|39
1740|17|40
1741|17|41
1742|17|42
1743|17|43
1744|17|44
1745|17|45
1746|17|46
1747|17|47
1748|17|48
1749|17|49
1750|17|50
1751|17|51
1752|17|52
1753|17|53
1754|17|54
1755|17|55
1756|17|56
1757|17|57
1758|17|58
1759|17|59
1800|18|00
1801|18|01
1802|18|02
1803|18|03
1804|18|04
1805|18|05
1806|18|06
1807|18|07
1808|18|08
1809|18|09
1810|18|10
1811|18|11
1812|18|12
1813|18|13
1814|18|14
1815|18|15
1816|18|16
1817|18|17
1818|18|18
1819|18|19
1820|18|20
1821|18|21
1822|18|22
1823|18|23
1824|18|24
1825|18|25
1826|18|26
1827|18|27
1828|18|28
1829|18|29
1830|18|30
1831|18|31
1832|18|32
1833|18|33
1834|18|34
1835|18|35
1836|18|36
1837|18|37
1838|18|38
1839|18|39
1840|18|40
1841|18|41
1842|18|42
1843|18|43
1844|18|44
1845|18|45
1846|18|46
1847|18|47
1848|18|48
1849|18|49
1850|18|50
1851|18|51
1852|18|52
1853|18|53
1854|18|54
1855|18|55
1856|18|56
1857|18|57
1858|18|58
1859|18|59
1900|19|00
1901|19|01
1902|19|02
1903|19|03
1904|19|04
1905|19|05
1906|19|06
1907|19|07
1908|19|08
1909|19|09
1910|19|10
1911|19|11
1912|19|12
1913|19|13
1914|19|14
1915|19|15
1916|19|16
1917|19|17
1918|19|18
1919|19|19
1920|19|20
1921|19|21
1922|19|22
1923|19|23
1924|19|24
1925|19|25
1926|19|26
1927|19|27
1928|19|28
1929|19|29
1930|19|30
1931|19|31
1932|19|32
1933|19|33
1934|19|34
1935|19|35
1936|19|36
1937|19|37
1938|19|38
1939|19|39
1940|19|40
1941|19|41
1942|19|42
1943|19|43
1944|19|44
1945|19|45
1946|19|46
1947|19|47
1948|19|48
1949|19|49
1950|19|50
1951|19|51
1952|19|52
1953|19|53
1954|19|54
1955|19|55
1956|19|56
1957|19|57
1958|19|58
1959|19|59
2000|20|00
2001|20|01
2002|20|02
2003|20|03
2004|20|04
2005|20|05
2006|20|06
2007|20|07
2008|20|08
2009|20|09
2010|20|10
2011|20|11
2012|20|12
2013|20|13
2014|20|14
2015|20|15
2016|20|16
2017|20|17
2018|20|18
2019|20|19
2020|20|20
2021|20|21
2022|20|22
2023|20|23
2024|20|24
2025|20|25
2026|20|26
2027|20|27
2028|20|28
2029|20|29
2030|20|30
2031|20|31
2032|20|32
2033|20|33
2034|20|34
2035|20|35
2036|20|36
2037|20|37
2038|20|38
2039|20|39
2040|20|40
2041|20|41
2042|20|42
2043|20|43
2044|20|44
2045|20|45
2046|20|46
2047|20|47
2048|20|48
2049|20|49
2050|20|50
2051|20|51
2052|20|52
2053|20|53
2054|20|54
2055|20|55
2056|20|56
2057|20|57
2058|20|58
2059|20|59
2100|21|00
2101|21|01
2102|21|02
2103|21|03
2104|21|04
2105|21|05
2106|21|06
2107|21|07
2108|21|08
2109|21|09
2110|21|10
2111|21|11
2112|21|12
2113|21|13
2114|21|14
2115|21|15
2116|21|16
2117|21|17
2118|21|18
2119|21|19
2120|21|20
2121|21|21
2122|21|22
2123|21|23
2124|21|24
2125|21|25
2126|21|26
2127|21|27
2128|21|28
2129|21|29
2130|21|30
2131|21|31
2132|21|32
2133|21|33
2134|21|34
2135|21|35
2136|21|36
2137|21|37
2138|21|38
2139|21|39
2140|21|40
2141|21|41
2142|21|42
2143|21|43
2144|21|44
2145|21|45
2146|21|46
2147|21|47
2148|21|48
2149|21|49
2150|21|50
2151|21|51
2152|21|52
2153|21|53
2154|21|54
2155|21|55
2156|21|56
2157|21|57
2158|21|58
2159|21|59
2200|22|00
2201|22|01
2202|22|02
2203|22|03
2204|22|04
2205|22|05
2206|22|06
2207|22|07
2208|22|08
2209|22|09
2210|22|10
2211|22|11
2212|22|12
2213|22|13
2214|22|14
2215|22|15
2216|22|16
2217|22|17
2218|22|18
2219|22|19
2220|22|20
2221|22|21
2222|22|22
2223|22|23
2224|22|24
2225|22|25
2226|22|26
2227|22|27
2228|22|28
2229|22|29
2230|22|30
2231|22|31
2232|22|32
2233|22|33
2234|22|34
2235|22|35
2236|22|36
2237|22|37
2238|22|38
2239|22|39
2240|22|40
2241|22|41
2242|22|42
2243|22|43
2244|22|44
2245|22|45
2246|22|46
2247|22|47
2248|22|48
2249|22|49
2250|22|50
2251|22|51
2252|22|52
2253|22|53
2254|22|54
2255|22|55
2256|22|56
2257|22|57
2258|22|58
2259|22|59
2300|23|00
2301|23|01
2302|23|02
2303|23|03
2304|23|04
2305|23|05
2306|23|06
2307|23|07
2308|23|08
2309|23|09
2310|23|10
2311|23|11
2312|23|12
2313|23|13
2314|23|14
2315|23|15
2316|23|16
2317|23|17
2318|23|18
2319|23|19
2320|23|20
2321|23|21
2322|23|22
2323|23|23
2324|23|24
2325|23|25
2326|23|26
2327|23|27
2328|23|28
2329|23|29
2330|23|30
2331|23|31
2332|23|32
2333|23|33
2334|23|34
2335|23|35
2336|23|36
2337|23|37
2338|23|38
2339|23|39
2340|23|40
2341|23|41
2342|23|42
2343|23|43
2344|23|44
2345|23|45
2346|23|46
2347|23|47
2348|23|48
2349|23|49
2350|23|50
2351|23|51
2352|23|52
2353|23|53
2354|23|54
2355|23|55
2356|23|56
2357|23|57
2358|23|58
2359|23|59
0000|00|00
0001|00|01
0002|00|02
0003|00|03
0004|00|04
0005|00|05
0006|00|06
0007|00|07
0008|00|08
0009|00|09
0010|00|10
0011|00|11
0012|00|12
0013|00|13
0014|00|14
0015|00|15
0016|00|16
0017|00|17
0018|00|18
0019|00|19
0020|00|20
0021|00|21
0022|00|22
0023|00|23
0024|00|24
0025|00|25
0026|00|26
0027|00|27
0028|00|28
0029|00|29
0030|00|30
0031|00|31
0032|00|32
0033|00|33
0034|00|34
0035|00|35
0036|00|36
0037|00|37
0038|00|38
0039|00|39
0040|00|40
0041|00|41
0042|00|42
0043|00|43
0044|00|44
0045|00|45
0046|00|46
0047|00|47
0048|00|48
0049|00|49
0050|00|50
0051|00|51
0052|00|52
0053|00|53
0054|00|54
0055|00|55
0056|00|56
0057|00|57
0058|00|58
0059|00|59
0100|01|00
0101|01|01
0102|01|02
0103|01|03
0104|01|04
0105|01|05
0106|01|06
0107|01|07
0108|01|08
0109|01|09
0110|01|10
0111|01|11
0112|01|12
0113|01|13
0114|01|14
0115|01|15
0116|01|16
0117|01|17
0118|01|18
0119|01|19
0120|01|20
0121|01|21
0122|01|22
0123|01|23
0124|01|24
0125|01|25
0126|01|26
0127|01|27
0128|01|28
0129|01|29
0130|01|30
0131|01|31
0132|01|32
0133|01|33
0134|01|34
0135|01|35
0136|01|36
0137|01|37
0138|01|38
0139|01|39
0140|01|40
0141|01|41
0142|01|42
0143|01|43
0144|01|44
0145|01|45
0146|01|46
0147|01|47
0148|01|48
0149|01|49
0150|01|50
0151|01|51
0152|01|52
0153|01|53
0154|01|54
0155|01|55
0156|01|56
0157|01|57
0158|01|58
0159|01|59
0200|02|00
0201|02|01
0202|02|02
0203|02|03
0204|02|04
0205|02|05
0206|02|06
0207|02|07
0208|02|08
0209|02|09
0210|02|10
0211|02|11
0212|02|12
0213|02|13
0214|02|14
0215|02|15
0216|02|16
0217|02|17
0218|02|18
0219|02|19
0220|02|20
0221|02|21
0222|02|22
0223|02|23
0224|02|24
0225|02|25
0226|02|26
0227|02|27
0228|02|28
0229|02|29
0230|02|30
0231|02|31
0232|02|32
0233|02|33
0234|02|34
0235|02|35
0236|02|36
0237|02|37
0238|02|38
0239|02|39
0240|02|40
0241|02|41
0242|02|42
0243|02|43
0244|02|44
0245|02|45
0246|02|46
0247|02|47
0248|02|48
0249|02|49
0250|02|50
0251|02|51
0252|02|52
0253|02|53
0254|02|54
0255|02|55
0256|02|56
0257|02|57
0258|02|58
0259|02|59
0300|03|00
0301|03|01
0302|03|02
0303|03|03
0304|03|04
0305|03|05
0306|03|06
0307|03|07
0308|03|08
0309|03|09
0310|03|10
0311|03|11
0312|03|12
0313|03|13
0314|03|14
0315|03|15
0316|03|16
0317|03|17
0318|03|18
0319|03|19
0320|03|20
0321|03|21
0322|03|22
0323|03|23
0324|03|24
0325|03|25
0326|03|26
0327|03|27
0328|03|28
0329|03|29
0330|03|30
0331|03|31
0332|03|32
0333|03|33
0334|03|34
0335|03|35
0336|03|36
0337|03|37
0338|03|38
0339|03|39
0340|03|40
0341|03|41
0342|03|42
0343|03|43
0344|03|44
0345|03|45
0346|03|46
0347|03|47
0348|03|48
0349|03|49
0350|03|50
0351|03|51
0352|03|52
0353|03|53
0354|03|54
0355|03|55
0356|03|56
0357|03|57
0358|03|58
0359|03|59
0400|04|00
0401|04|01
0402|04|02
0403|04|03
0404|04|04
0405|04|05
0406|04|06
0407|04|07
0408|04|08
0409|04|09
0410|04|10
0411|04|11
0412|04|12
0413|04|13
0414|04|14
0415|04|15
0416|04|16
0417|04|17
0418|04|18
0419|04|19
0420|04|20
0421|04|21
0422|04|22
0423|04|23
0424|04|24
0425|04|25
0426|04|26
0427|04|27
0428|04|28
0429|04|29
0430|04|30
0431|04|31
0432|04|32
0433|04|33
0434|04|34
0435|04|35
0436|04|36
0437|04|37
0438|04|38
0439|04|39
0440|04|40
0441|04|41
0442|04|42
0443|04|43
0444|04|44
0445|04|45
0446|04|46
0447|04|47
0448|04|48
0449|04|49
0450|04|50
0451|04|51
0452|04|52
0453|04|53
0454|04|54
0455|04|55
0456|04|56
0457|04|57
0458|04|58
0459|04|59
0500|05|00
0501|05|01
0502|05|02
0503|05|03
0504|05|04
0505|05|05
0506|05|06
0507|05|07
0508|05|08
0509|05|09
0510|05|10
0511|05|11
0512|05|12
0513|05|13
0514|05|14
0515|05|15
0516|05|16
0517|05|17
0518|05|18
0519|05|19
0520|05|20
0521|05|21
0522|05|22
0523|05|23
0524|05|24
0525|05|25
0526|05|26
0527|05|27
0528|05|28
0529|05|29
0530|05|30
0531|05|31
0532|05|32
0533|05|33
0534|05|34
0535|05|35
0536|05|36
0537|05|37
0538|05|38
0539|05|39
0540|05|40
0541|05|41
0542|05|42
0543|05|43
0544|05|44
0545|05|45
0546|05|46
0547|05|47
0548|05|48
0549|05|49
0550|05|50
0551|05|51
0552|05|52
0553|05|53
0554|05|54
0555|05|55
0556|05|56
0557|05|57
0558|05|58
0559|05|59
0600|06|00
0601|06|01
0602|06|02
0603|06|03
0604|06|04
0605|06|05
0606|06|06
0607|06|07
0608|06|08
0609|06|09
0610|06|10
0611|06|11
0612|06|12
0613|06|13
0614|06|14
0615|06|15
0616|06|16
0617|06|17
0618|06|18
0619|06|19
0620|06|20
0621|06|21
0622|06|22
0623|06|23
0624|06|24
0625|06|25
0626|06|26
0627|06|27
0628|06|28
0629|06|29
0630|06|30
0631|06|31
0632|06|32
0633|06|33
0634|06|34
0635|06|35
0636|06|36
0637|06|37
0638|06|38
0639|06|39
0640|06|40
0641|06|41
0642|06|42
0643|06|43
0644|06|44
0645|06|45
0646|06|46
0647|06|47
0648|06|48
0649|06|49
0650|06|50
0651|06|51
0652|06|52
0653|06|53
0654|06|54
0655|06|55
0656|06|56
0657|06|57
0658|06|58
0659|06|59
0700|07|00
0701|07|01
0702|07|02
0703|07|03
0704|07|04
0705|07|05
0706|07|06
0707|07|07
0708|07|08
0709|07|09
0710|07|10
0711|07|11
0712|07|12
0713|07|13
0714|07|14
0715|07|15
0716|07|16
0717|07|17
0718|07|18
0719|07|19
0720|07|20
0721|07|21
0722|07|22
0723|07|23
0724|07|24
0725|07|25
0726|07|26
0727|07|27
0728|07|28
0729|07|29
0730|07|30
0731|07|31
0732|07|32
0733|07|33
0734|07|34
0735|07|35
0736|07|36
0737|07|37
0738|07|38
0739|07|39
0740|07|40
0741|07|41
0742|07|42
0743|07|43
0744|07|44
0745|07|45
0746|07|46
0747|07|47
0748|07|48
0749|07|49
0750|07|50
0751|07|51
0752|07|52
0753|07|53
0754|07|54
0755|07|55
0756|07|56
0757|07|57
0758|07|58
0759|07|59
0800|08|00
0801|08|01
0802|08|02
0803|08|03
0804|08|04
0805|08|05
0806|08|06
0807|08|07
0808|08|08
0809|08|09
0810|08|10
0811|08|11
0812|08|12
0813|08|13
0814|08|14
0815|08|15
0816|08|16
0817|08|17
0818|08|18
0819|08|19
0820|08|20
0821|08|21
0822|08|22
0823|08|23
0824|08|24
0825|08|25
0826|08|26
0827|08|27
0828|08|28
0829|08|29
0830|08|30
0831|08|31
0832|08|32
0833|08|33
0834|08|34
0835|08|35
0836|08|36
0837|08|37
0838|08|38
0839|08|39
0840|08|40
0841|08|41
0842|08|42
0843|08|43
0844|08|44
0845|08|45
0846|08|46
0847|08|47
0848|08|48
0849|08|49
0850|08|50
0851|08|51
0852|08|52
0853|08|53
0854|08|54
0855|08|55
0856|08|56
0857|08|57
0858|08|58
0859|08|59
0900|09|00
0901|09|01
0902|09|02
0903|09|03
0904|09|04
0905|09|05
0906|09|06
0907|09|07
0908|09|08
0909|09|09
0910|09|10
0911|09|11
0912|09|12
0913|09|13
0914|09|14
0915|09|15
0916|09|16
0917|09|17
0918|09|18
0919|09|19
0920|09|20
0921|09|21
0922|09|22
0923|09|23
0924|09|24
0925|09|25
0926|09|26
0927|09|27
0928|09|28
0929|09|29
0930|09|30
0931|09|31
0932|09|32
0933|09|33
0934|09|34
0935|09|35
0936|09|36
0937|09|37
0938|09|38
0939|09|39
0940|09|40
0941|09|41
0942|09|42
0943|09|43
0944|09|44
0945|09|45
0946|09|46
0947|09|47
0948|09|48
0949|09|49
0950|09|50
0951|09|51
0952|09|52
0953|09|53
0954|09|54
0955|09|55
0956|09|56
0957|09|57
0958|09|58
0959|09|59
1000|10|00
1001|10|01
1002|10|02
1003|10|03
1004|10|04
1005|10|05
1006|10|06
1007|10|07
1008|10|08
1009|10|09
1010|10|10
1011|10|11
1012|10|12
1013|10|13
1014|10|14
1015|10|15
1016|10|16
1017|10|17
1018|10|18
1019|10|19
1020|10|20
1021|10|21
1022|10|22
1023|10|23
1024|10|24
1025|10|25
1026|10|26
1027|10|27
1028|10|28
1029|10|29
1030|10|30
1031|10|31
1032|10|32
1033|10|33
1034|10|34
1035|10|35
1036|10|36
1037|10|37
1038|10|38
1039|10|39
1040|10|40
1041|10|41
1042|10|42
1043|10|43
1044|10|44
1045|10|45
1046|10|46
1047|10|47
1048|10|48
1049|10|49
1050|10|50
1051|10|51
1052|10|52
1053|10|53
1054|10|54
1055|10|55
1056|10|56
1057|10|57
1058|10|58
1059|10|59
1100|11|00
1101|11|01
1102|11|02
1103|11|03
1104|11|04
1105|11|05
1106|11|06
1107|11|07
1108|11|08
1109|11|09
1110|11|10
1111|11|11
1112|11|12
1113|11|13
1114|11|14
1115|11|15
1116|11|16
1117|11|17
1118|11|18
1119|11|19
1120|11|20
1121|11|21
1122|11|22
1123|11|23
1124|11|24
1125|11|25
1126|11|26
1127|11|27
1128|11|28
1129|11|29
1130|11|30
1131|11|31
1132|11|32
1133|11|33
1134|11|34
1135|11|35
1136|11|36
1137|11|37
1138|11|38
1139|11|39
1140|11|40
1141|11|41
1142|11|42
1143|11|43
1144|11|44
1145|11|45
1146|11|46
1147|11|47
1148|11|48
1149|11|49
1150|11|50
1151|11|51
1152|11|52
1153|11|53
1154|11|54
1155|11|55
1156|11|56
1157|11|57
1158|11|58
1159|11|59
1200|12|00
1201|12|01
1202|12|02
1203|12|03
1204|12|04
1205|12|05
1206|12|06
1207|12|07
1208|12|08
1209|12|09
1210|12|10
1211|12|11
1212|12|12
1213|12|13
1214|12|14
1215|12|15
1216|12|16
1217|12|17
1218|12|18
1219|12|19
1220|12|20
1221|12|21
1222|12|22
1223|12|23
1224|12|24
1225|12|25
1226|12|26
1227|12|27
1228|12|28
1229|12|29
1230|12|30
1231|12|31
1232|12|32
1233|12|33
1234|12|34
1235|12|35
1236|12|36
1237|12|37
1238|12|38
1239|12|39
1240|12|40
1241|12|41
1242|12|42
1243|12|43
1244|12|44
1245|12|45
1246|12|46
1247|12|47
1248|12|48
1249|12|49
1250|12|50
1251|12|51
1252|12|52
1253|12|53
1254|12|54
1255|12|55
1256|12|56
1257|12|57
1258|12|58
1259|12|59
1300|13|00
1301|13|01
1302|13|02
1303|13|03
1304|13|04
1305|13|05
1306|13|06
1307|13|07
1308|13|08
1309|13|09
1310|13|10
1311|13|11
1312|13|12
1313|13|13
1314|13|14
1315|13|15
1316|13|16
1317|13|17
1318|13|18
1319|13|19
1320|13|20
1321|13|21
1322|13|22
1323|13|23
1324|13|24
1325|13|25
1326|13|26
1327|13|27
1328|13|28
1329|13|29
1330|13|30
1331|13|31
1332|13|32
1333|13|33
1334|13|34
1335|13|35
1336|13|36
1337|13|37
1338|13|38
1339|13|39
1340|13|40
1341|13|41
1342|13|42
1343|13|43
1344|13|44
1345|13|45
1346|13|46
1347|13|47
1348|13|48
1349|13|49
1350|13|50
1351|13|51
1352|13|52
1353|13|53
1354|13|54
1355|13|55
1356|13|56
1357|13|57
1358|13|58
1359|13|59
1400|14|00
1401|14|01
1402|14|02
1403|14|03
1404|14|04
1405|14|05
1406|14|06
1407|14|07
1408|14|08
1409|14|09
1410|14|10
1411|14|11
1412|14|12
1413|14|13
1414|14|14
1415|14|15
1416|14|16
1417|14|17
1418|14|18
1419|14|19
1420|14|20
1421|14|21
1422|14|22
1423|14|23
1424|14|24
1425|14|25
1426|14|26
1427|14|27
1428|14|28
1429|14|29
1430|14|30
1431|14|31
1432|14|32
1433|14|33
1434|14|34
1435|14|35
1436|14|36
1437|14|37
1438|14|38
1439|14|39
1440|14|40
1441|14|41
1442|14|42
1443|14|43
1444|14|44
1445|14|45
1446|14|46
1447|14|47
1448|14|48
1449|14|49
1450|14|50
1451|14|51
1452|14|52
1453|14|53
1454|14|54
1455|14|55
1456|14|56
1457|14|57
1458|14|58
1459|14|59
1500|15|00
1501|15|01
1502|15|02
1503|15|03
1504|15|04
1505|15|05
1506|15|06
1507|15|07
1508|15|08
1509|15|09
1510|15|10
1511|15|11
1512|15|12
1513|15|13
1514|15|14
1515|15|15
1516|15|16
1517|15|17
1518|15|18
1519|15|19
1520|15|20
1521|15|21
1522|15|22
1523|15|23
1524|15|24
1525|15|25
1526|15|26
1527|15|27
1528|15|28
1529|15|29
1530|15|30
1531|15|31
1532|15|32
1533|15|33
1534|15|34
1535|15|35
1536|15|36
1537|15|37
1538|15|38
1539|15|39
1540|15|40
1541|15|41
1542|15|42
1543|15|43
1544|15|44
1545|15|45
1546|15|46
1547|15|47
1548|15|48
1549|15|49
1550|15|50
1551|15|51
1552|15|52
1553|15|53
1554|15|54
1555|15|55
1556|15|56
1557|15|57
1558|15|58
1559|15|59
1600|16|00
1601|16|01
1602|16|02
1603|16|03
1604|16|04
1605|16|05
1606|16|06
1607|16|07
1608|16|08
1609|16|09
1610|16|10
1611|16|11
1612|16|12
1613|16|13
1614|16|14
1615|16|15
1616|16|16
1617|16|17
1618|16|18
1619|16|19
1620|16|20
1621|16|21
1622|16|22
1623|16|23
1624|16|24
1625|16|25
1626|16|26
1627|16|27
1628|16|28
1629|16|29
1630|16|30
1631|16|31
1632|16|32
1633|16|33
1634|16|34
1635|16|35
1636|16|36
1637|16|37
1638|16|38
1639|16|39
1640|16|40
1641|16|41
1642|16|42
1643|16|43
1644|16|44
1645|16|45
1646|16|46
1647|16|47
1648|16|48
1649|16|49
1650|16|50
1651|16|51
1652|16|52
1653|16|53
1654|16|54
1655|16|55
1656|16|56
1657|16|57
1658|16|58
1659|16|59
1700|17|00
1701|17|01
1702|17|02
1703|17|03
1704|17|04
1705|17|05
1706|17|06
1707|17|07
1708|17|08
1709|17|09
1710|17|10
1711|17|11
1712|17|12
1713|17|13
1714|17|14
1715|17|15
1716|17|16
1717|17|17
1718|17|18
1719|17|19
1720|17|20
1721|17|21
1722|17|22
1723|17|23
1724|17|24
1725|17|25
1726|17|26
1727|17|27
1728|17|28
1729|17|29
1730|17|30
1731|17|31
1732|17|32
1733|17|33
1734|17|34
1735|17|35
1736|17|36
1737|17|37
1738|17|38
1739|17|39
1740|17|40
1741|17|41
1742|17|42
1743|17|43
1744|17|44
1745|17|45
1746|17|46
1747|17|47
1748|17|48
1749|17|49
1750|17|50
1751|17|51
1752|17|52
1753|17|53
1754|17|54
1755|17|55
1756|17|56
1757|17|57
1758|17|58
1759|17|59
1800|18|00
1801|18|01
1802|18|02
1803|18|03
1804|18|04
1805|18|05
1806|18|06
1807|18|07
1808|18|08
1809|18|09
1810|18|10
1811|18|11
1812|18|12
1813|18|13
1814|18|14
1815|18|15
1816|18|16
1817|18|17
1818|18|18
1819|18|19
1820|18|20
1821|18|21
1822|18|22
1823|18|23
1824|18|24
1825|18|25
1826|18|26
1827|18|27
1828|18|28
1829|18|29
1830|18|30
1831|18|31
1832|18|32
1833|18|33
1834|18|34
1835|18|35
1836|18|36
1837|18|37
1838|18|38
1839|18|39
1840|18|40
1841|18|41
1842|18|42
1843|18|43
1844|18|44
1845|18|45
1846|18|46
1847|18|47
1848|18|48
1849|18|49
1850|18|50
1851|18|51
1852|18|52
1853|18|53
1854|18|54
1855|18|55
1856|18|56
1857|18|57
1858|18|58
1859|18|59
1900|19|00
1901|19|01
1902|19|02
1903|19|03
1904|19|04
1905|19|05
1906|19|06
1907|19|07
1908|19|08
1909|19|09
1910|19|10
1911|19|11
1912|19|12
1913|19|13
1914|19|14
1915|19|15
1916|19|16
1917|19|17
1918|19|18
1919|19|19
1920|19|20
1921|19|21
1922|19|22
1923|19|23
1924|19|24
1925|19|25
1926|19|26
1927|19|27
1928|19|28
1929|19|29
1930|19|30
1931|19|31
1932|19|32
1933|19|33
1934|19|34
1935|19|35
1936|19|36
1937|19|37
1938|19|38
1939|19|39
1940|19|40
1941|19|41
1942|19|42
1943|19|43
1944|19|44
1945|19|45
1946|19|46
1947|19|47
1948|19|48
1949|19|49
1950|19|50
1951|19|51
1952|19|52
1953|19|53
1954|19|54
1955|19|55
1956|19|56
1957|19|57
1958|19|58
1959|19|59
2000|20|00
2001|20|01
2002|20|02
2003|20|03
2004|20|04
2005|20|05
2006|20|06
2007|20|07
2008|20|08
2009|20|09
2010|20|10
2011|20|11
2012|20|12
2013|20|13
2014|20|14
2015|20|15
2016|20|16
2017|20|17
2018|20|18
2019|20|19
2020|20|20
2021|20|21
2022|20|22
2023|20|23
2024|20|24
2025|20|25
2026|20|26
2027|20|27
2028|20|28
2029|20|29
2030|20|30
2031|20|31
2032|20|32
2033|20|33
2034|20|34
2035|20|35
2036|20|36
2037|20|37
2038|20|38
2039|20|39
2040|20|40
2041|20|41
2042|20|42
2043|20|43
2044|20|44
2045|20|45
2046|20|46
2047|20|47
2048|20|48
2049|20|49
2050|20|50
2051|20|51
2052|20|52
2053|20|53
2054|20|54
2055|20|55
2056|20|56
2057|20|57
2058|20|58
2059|20|59
2100|21|00
2101|21|01
2102|21|02
2103|21|03
2104|21|04
2105|21|05
2106|21|06
2107|21|07
2108|21|08
2109|21|09
2110|21|10
2111|21|11
2112|21|12
2113|21|13
2114|21|14
2115|21|15
2116|21|16
2117|21|17
2118|21|18
2119|21|19
2120|21|20
2121|21|21
2122|21|22
2123|21|23
2124|21|24
2125|21|25
2126|21|26
2127|21|27
2128|21|28
2129|21|29
2130|21|30
2131|21|31
2132|21|32
2133|21|33
2134|21|34
2135|21|35
2136|21|36
2137|21|37
2138|21|38
2139|21|39
2140|21|40
2141|21|41
2142|21|42
2143|21|43
2144|21|44
2145|21|45
2146|21|46
2147|21|47
2148|21|48
2149|21|49
2150|21|50
2151|21|51
2152|21|52
2153|21|53
2154|21|54
2155|21|55
2156|21|56
2157|21|57
2158|21|58
2159|21|59
2200|22|00
2201|22|01
2202|22|02
2203|22|03
2204|22|04
2205|22|05
2206|22|06
2207|22|07
2208|22|08
2209|22|09
2210|22|10
2211|22|11
2212|22|12
2213|22|13
2214|22|14
2215|22|15
2216|22|16
2217|22|17
2218|22|18
2219|22|19
2220|22|20
2221|22|21
2222|22|22
2223|22|23
2224|22|24
2225|22|25
2226|22|26
2227|22|27
2228|22|28
2229|22|29
2230|22|30
2231|22|31
2232|22|32
2233|22|33
2234|22|34
2235|22|35
2236|22|36
2237|22|37
2238|22|38
2239|22|39
2240|22|40
2241|22|41
2242|22|42
2243|22|43
2244|22|44
2245|22|45
2246|22|46
2247|22|47
2248|22|48
2249|22|49
2250|22|50
2251|22|51
2252|22|52
2253|22|53
2254|22|54
2255|22|55
2256|22|56
2257|22|57
2258|22|58
2259|22|59
2300|23|00
2301|23|01
2302|23|02
2303|23|03
2304|23|04
2305|23|05
2306|23|06
2307|23|07
2308|23|08
2309|23|09
2310|23|10
2311|23|11
2312|23|12
2313|23|13
2314|23|14
2315|23|15
2316|23|16
2317|23|17
2318|23|18
2319|23|19
2320|23|20
2321|23|21
2322|23|22
2323|23|23
2324|23|24
2325|23|25
2326|23|26
2327|23|27
2328|23|28
2329|23|29
2330|23|30
2331|23|31
2332|23|32
2333|23|33
2334|23|34
2335|23|35
2336|23|36
2337|23|37
2338|23|38
2339|23|39
2340|23|40
2341|23|41
2342|23|42
2343|23|43
2344|23|44
2345|23|45
2346|23|46
2347|23|47
2348|23|48
2349|23|49
2350|23|50
2351|23|51
2352|23|52
2353|23|53
2354|23|54
2355|23|55
2356|23|56
2357|23|57
2358|23|58
2359|23|59
0000|00|00
0001|00|01
0002|00|02
0003|00|03
0004|00|04
0005|00|05
0006|00|06
0007|00|07
0008|00|08
0009|00|09
0010|00|10
0011|00|11
0012|00|12
0013|00|13
0014|00|14
0015|00|15
0016|00|16
0017|00|17
0018|00|18
0019|00|19
0020|00|20
0021|00|21
0022|00|22
0023|00|23
0024|00|24
0025|00|25
0026|00|26
0027|00|27
0028|00|28
0029|00|29
0030|00|30
0031|00|31
0032|00|32
0033|00|33
0034|00|34
0035|00|35
0036|00|36
0037|00|37
0038|00|38
0039|00|39
0040|00|40
0041|00|41
0042|00|42
0043|00|43
0044|00|44
0045|00|45
0046|00|46
0047|00|47
0048|00|48
0049|00|49
0050|00|50
0051|00|51
0052|00|52
0053|00|53
0054|00|54
0055|00|55
0056|00|56
0057|00|57
0058|00|58
0059|00|59
0100|01|00
0101|01|01
0102|01|02
0103|01|03
0104|01|04
0105|01|05
0106|01|06
0107|01|07
0108|01|08
0109|01|09
0110|01|10
0111|01|11
0112|01|12
0113|01|13
0114|01|14
0115|01|15
0116|01|16
0117|01|17
0118|01|18
0119|01|19
0120|01|20
0121|01|21
0122|01|22
0123|01|23
0124|01|24
0125|01|25
0126|01|26
0127|01|27
0128|01|28
0129|01|29
0130|01|30
0131|01|31
0132|01|32
0133|01|33
0134|01|34
0135|01|35
0136|01|36
0137|01|37
0138|01|38
0139|01|39
0140|01|40
0141|01|41
0142|01|42
0143|01|43
0144|01|44
0145|01|45
0146|01|46
0147|01|47
0148|01|48
0149|01|49
0150|01|50
0151|01|51
0152|01|52
0153|01|53
0154|01|54
0155|01|55
0156|01|56
0157|01|57
0158|01|58
0159|01|59
0200|02|00
0201|02|01
0202|02|02
0203|02|03
0204|02|04
0205|02|05
0206|02|06
0207|02|07
0208|02|08
0209|02|09
0210|02|10
0211|02|11
0212|02|12
0213|02|13
0214|02|14
0215|02|15
0216|02|16
0217|02|17
0218|02|18
0219|02|19
0220|02|20
0221|02|21
0222|02|22
0223|02|23
0224|02|24
0225|02|25
0226|02|26
0227|02|27
0228|02|28
0229|02|29
0230|02|30
0231|02|31
0232|02|32
0233|02|33
0234|02|34
0235|02|35
0236|02|36
0237|02|37
0238|02|38
0239|02|39
0240|02|40
0241|02|41
0242|02|42
0243|02|43
0244|02|44
0245|02|45
0246|02|46
0247|02|47
0248|02|48
0249|02|49
0250|02|50
0251|02|51
0252|02|52
0253|02|53
0254|02|54
0255|02|55
0256|02|56
0257|02|57
0258|02|58
0259|02|59
0300|03|00
0301|03|01
0302|03|02
0303|03|03
0304|03|04
0305|03|05
0306|03|06
0307|03|07
0308|03|08
0309|03|09
0310|03|10
0311|03|11
0312|03|12
0313|03|13
0314|03|14
0315|03|15
0316|03|16
0317|03|17
0318|03|18
0319|03|19
0320|03|20
0321|03|21
0322|03|22
0323|03|23
0324|03|24
0325|03|25
0326|03|26
0327|03|27
0328|03|28
0329|03|29
0330|03|30
0331|03|31
0332|03|32
0333|03|33
0334|03|34
0335|03|35
0336|03|36
0337|03|37
0338|03|38
0339|03|39
0340|03|40
0341|03|41
0342|03|42
0343|03|43
0344|03|44
0345|03|45
0346|03|46
0347|03|47
0348|03|48
0349|03|49
0350|03|50
0351|03|51
0352|03|52
0353|03|53
0354|03|54
0355|03|55
0356|03|56
0357|03|57
0358|03|58
0359|03|59
0400|04|00
0401|04|01
0402|04|02
0403|04|03
0404|04|04
0405|04|05
0406|04|06
0407|04|07
0408|04|08
0409|04|09
0410|04|10
0411|04|11
0412|04|12
0413|04|13
0414|04|14
0415|04|15
0416|04|16
0417|04|17
0418|04|18
0419|04|19
0420|04|20
0421|04|21
0422|04|22
0423|04|23
0424|04|24
0425|04|25
0426|04|26
0427|04|27
0428|04|28
0429|04|29
0430|04|30
0431|04|31
0432|04|32
0433|04|33
0434|04|34
0435|04|35
0436|04|36
0437|04|37
0438|04|38
0439|04|39
0440|04|40
0441|04|41
0442|04|42
0443|04|43
0444|04|44
0445|04|45
0446|04|46
0447|04|47
0448|04|48
0449|04|49
0450|04|50
0451|04|51
0452|04|52
0453|04|53
0454|04|54
0455|04|55
0456|04|56
0457|04|57
0458|04|58
0459|04|59
0500|05|00
0501|05|01
0502|05|02
0503|05|03
0504|05|04
0505|05|05
0506|05|06
0507|05|07
0508|05|08
0509|05|09
0510|05|10
0511|05|11
0512|05|12
0513|05|13
0514|05|14
0515|05|15
0516|05|16
0517|05|17
0518|05|18
0519|05|19
0520|05|20
0521|05|21
0522|05|22
0523|05|23
0524|05|24
0525|05|25
0526|05|26
0527|05|27
0528|05|28
0529|05|29
0530|05|30
0531|05|31
0532|05|32
0533|05|33
0534|05|34
0535|05|35
0536|05|36
0537|05|37
0538|05|38
0539|05|39
0540|05|40
0541|05|41
0542|05|42
0543|05|43
0544|05|44
0545|05|45
0546|05|46
0547|05|47
0548|05|48
0549|05|49
0550|05|50
0551|05|51
0552|05|52
0553|05|53
0554|05|54
0555|05|55
0556|05|56
0557|05|57
0558|05|58
0559|05|59
0600|06|00
0601|06|01
0602|06|02
0603|06|03
0604|06|04
0605|06|05
0606|06|06
0607|06|07
0608|06|08
0609|06|09
0610|06|10
0611|06|11
0612|06|12
0613|06|13
0614|06|14
0615|06|15
0616|06|16
0617|06|17
0618|06|18
0619|06|19
0620|06|20
0621|06|21
0622|06|22
0623|06|23
0624|06|24
0625|06|25
0626|06|26
0627|06|27
0628|06|28
0629|06|29
0630|06|30
0631|06|31
0632|06|32
0633|06|33
0634|06|34
0635|06|35
0636|06|36
0637|06|37
0638|06|38
0639|06|39
0640|06|40
0641|06|41
0642|06|42
0643|06|43
0644|06|44
0645|06|45
0646|06|46
0647|06|47
0648|06|48
0649|06|49
0650|06|50
0651|06|51
0652|06|52
0653|06|53
0654|06|54
0655|06|55
0656|06|56
0657|06|57
0658|06|58
0659|06|59
0700|07|00
0701|07|01
0702|07|02
0703|07|03
0704|07|04
0705|07|05
0706|07|06
0707|07|07
0708|07|08
0709|07|09
0710|07|10
0711|07|11
0712|07|12
0713|07|13
0714|07|14
0715|07|15
0716|07|16
0717|07|17
0718|07|18
0719|07|19
0720|07|20
0721|07|21
0722|07|22
0723|07|23
0724|07|24
0725|07|25
0726|07|26
0727|07|27
0728|07|28
0729|07|29
0730|07|30
0731|07|31
0732|07|32
0733|07|33
0734|07|34
0735|07|35
0736|07|36
0737|07|37
0738|07|38
0739|07|39
0740|07|40
0741|07|41
0742|07|42
0743|07|43
0744|07|44
0745|07|45
0746|07|46
0747|07|47
0748|07|48
0749|07|49
0750|07|50
0751|07|51
0752|07|52
0753|07|53
0754|07|54
0755|07|55
0756|07|56
0757|07|57
0758|07|58
0759|07|59
0800|08|00
0801|08|01
0802|08|02
0803|08|03
0804|08|04
0805|08|05
0806|08|06
0807|08|07
0808|08|08
0809|08|09
0810|08|10
0811|08|11
0812|08|12
0813|08|13
0814|08|14
0815|08|15
0816|08|16
0817|08|17
0818|08|18
0819|08|19
0820|08|20
0821|08|21
0822|08|22
0823|08|23
0824|08|24
0825|08|25
0826|08|26
0827|08|27
0828|08|28
0829|08|29
0830|08|30
0831|08|31
0832|08|32
0833|08|33
0834|08|34
0835|08|35
0836|08|36
0837|08|37
0838|08|38
0839|08|39
0840|08|40
0841|08|41
0842|08|42
0843|08|43
0844|08|44
0845|08|45
0846|08|46
0847|08|47
0848|08|48
0849|08|49
0850|08|50
0851|08|51
0852|08|52
0853|08|53
0854|08|54
0855|08|55
0856|08|56
0857|08|57
0858|08|58
0859|08|59
0900|09|00
0901|09|01
0902|09|02
0903|09|03
0904|09|04
0905|09|05
0906|09|06
0907|09|07
0908|09|08
0909|09|09
0910|09|10
0911|09|11
0912|09|12
0913|09|13
0914|09|14
0915|09|15
0916|09|16
0917|09|17
0918|09|18
0919|09|19
0920|09|20
0921|09|21
0922|09|22
0923|09|23
0924|09|24
0925|09|25
0926|09|26
0927|09|27
0928|09|28
0929|09|29
0930|09|30
0931|09|31
0932|09|32
0933|09|33
0934|09|34
0935|09|35
0936|09|36
0937|09|37
0938|09|38
0939|09|39
0940|09|40
0941|09|41
0942|09|42
0943|09|43
0944|09|44
0945|09|45
0946|09|46
0947|09|47
0948|09|48
0949|09|49
0950|09|50
0951|09|51
0952|09|52
0953|09|53
0954|09|54
0955|09|55
0956|09|56
0957|09|57
0958|09|58
0959|09|59
1000|10|00
1001|10|01
1002|10|02
1003|10|03
1004|10|04
1005|10|05
1006|10|06
1007|10|07
1008|10|08
1009|10|09
1010|10|10
1011|10|11
1012|10|12
1013|10|13
1014|10|14
1015|10|15
1016|10|16
1017|10|17
1018|10|18
1019|10|19
1020|10|20
1021|10|21
1022|10|22
1023|10|23
1024|10|24
1025|10|25
1026|10|26
1027|10|27
1028|10|28
1029|10|29
1030|10|30
1031|10|31
1032|10|32
1033|10|33
1034|10|34
1035|10|35
1036|10|36
1037|10|37
1038|10|38
1039|10|39
1040|10|40
1041|10|41
1042|10|42
1043|10|43
1044|10|44
1045|10|45
1046|10|46
1047|10|47
1048|10|48
1049|10|49
1050|10|50
1051|10|51
1052|10|52
1053|10|53
1054|10|54
1055|10|55
1056|10|56
1057|10|57
1058|10|58
1059|10|59
1100|11|00
1101|11|01
1102|11|02
1103|11|03
1104|11|04
1105|11|05
1106|11|06
1107|11|07
1108|11|08
1109|11|09
1110|11|10
1111|11|11
1112|11|12
1113|11|13
1114|11|14
1115|11|15
1116|11|16
1117|11|17
1118|11|18
1119|11|19
1120|11|20
1121|11|21
1122|11|22
1123|11|23
1124|11|24
1125|11|25
1126|11|26
1127|11|27
1128|11|28
1129|11|29
1130|11|30
1131|11|31
1132|11|32
1133|11|33
1134|11|34
1135|11|35
1136|11|36
1137|11|37
1138|11|38
1139|11|39
1140|11|40
1141|11|41
1142|11|42
1143|11|43
1144|11|44
1145|11|45
1146|11|46
1147|11|47
1148|11|48
1149|11|49
1150|11|50
1151|11|51
1152|11|52
1153|11|53
1154|11|54
1155|11|55
1156|11|56
1157|11|57
1158|11|58
1159|11|59
1200|12|00
1201|12|01
1202|12|02
1203|12|03
1204|12|04
1205|12|05
1206|12|06
1207|12|07
1208|12|08
1209|12|09
1210|12|10
1211|12|11
1212|12|12
1213|12|13
1214|12|14
1215|12|15
1216|12|16
1217|12|17
1218|12|18
1219|12|19
1220|12|20
1221|12|21
1222|12|22
1223|12|23
1224|12|24
1225|12|25
1226|12|26
1227|12|27
1228|12|28
1229|12|29
1230|12|30
1231|12|31
1232|12|32
1233|12|33
1234|12|34
1235|12|35
1236|12|36
1237|12|37
1238|12|38
1239|12|39
1240|12|40
1241|12|41
1242|12|42
1243|12|43
1244|12|44
1245|12|45
1246|12|46
1247|12|47
1248|12|48
1249|12|49
1250|12|50
1251|12|51
1252|12|52
1253|12|53
1254|12|54
1255|12|55
1256|12|56
1257|12|57
1258|12|58
1259|12|59
1300|13|00
1301|13|01
1302|13|02
1303|13|03
1304|13|04
1305|13|05
1306|13|06
1307|13|07
1308|13|08
1309|13|09
1310|13|10
1311|13|11
1312|13|12
1313|13|13
1314|13|14
1315|13|15
1316|13|16
1317|13|17
1318|13|18
1319|13|19
1320|13|20
1321|13|21
1322|13|22
1323|13|23
1324|13|24
1325|13|25
1326|13|26
1327|13|27
1328|13|28
1329|13|29
1330|13|30
1331|13|31
1332|13|32
1333|13|33
1334|13|34
1335|13|35
1336|13|36
1337|13|37
1338|13|38
1339|13|39
1340|13|40
1341|13|41
1342|13|42
1343|13|43
1344|13|44
1345|13|45
1346|13|46
1347|13|47
1348|13|48
1349|13|49
1350|13|50
1351|13|51
1352|13|52
1353|13|53
1354|13|54
1355|13|55
1356|13|56
1357|13|57
1358|13|58
1359|13|59
1400|14|00
1401|14|01
1402|14|02
1403|14|03
1404|14|04
1405|14|05
1406|14|06
1407|14|07
1408|14|08
1409|14|09
1410|14|10
1411|14|11
1412|14|12
1413|14|13
1414|14|14
1415|14|15
1416|14|16
1417|14|17
1418|14|18
1419|14|19
1420|14|20
1421|14|21
1422|14|22
1423|14|23
1424|14|24
1425|14|25
1426|14|26
1427|14|27
1428|14|28
1429|14|29
1430|14|30
1431|14|31
1432|14|32
1433|14|33
1434|14|34
1435|14|35
1436|14|36
1437|14|37
1438|14|38
1439|14|39
1440|14|40
1441|14|41
1442|14|42
1443|14|43
1444|14|44
1445|14|45
1446|14|46
1447|14|47
1448|14|48
1449|14|49
1450|14|50
1451|14|51
1452|14|52
1453|14|53
1454|14|54
1455|14|55
1456|14|56
1457|14|57
1458|14|58
1459|14|59
1500|15|00
1501|15|01
1502|15|02
1503|15|03
1504|15|04
1505|15|05
1506|15|06
1507|15|07
1508|15|08
1509|15|09
1510|15|10
1511|15|11
1512|15|12
1513|15|13
1514|15|14
1515|15|15
1516|15|16
1517|15|17
1518|15|18
1519|15|19
1520|15|20
1521|15|21
1522|15|22
1523|15|23
1524|15|24
1525|15|25
1526|15|26
1527|15|27
1528|15|28
1529|15|29
1530|15|30
1531|15|31
1532|15|32
1533|15|33
1534|15|34
1535|15|35
1536|15|36
1537|15|37
1538|15|38
1539|15|39
1540|15|40
1541|15|41
1542|15|42
1543|15|43
1544|15|44
1545|15|45
1546|15|46
1547|15|47
1548|15|48
1549|15|49
1550|15|50
1551|15|51
1552|15|52
1553|15|53
1554|15|54
1555|15|55
1556|15|56
1557|15|57
1558|15|58
1559|15|59
1600|16|00
1601|16|01
1602|16|02
1603|16|03
1604|16|04
1605|16|05
1606|16|06
1607|16|07
1608|16|08
1609|16|09
1610|16|10
1611|16|11
1612|16|12
1613|16|13
1614|16|14
1615|16|15
1616|16|16
1617|16|17
1618|16|18
1619|16|19
1620|16|20
1621|16|21
1622|16|22
1623|16|23
1624|16|24
1625|16|25
1626|16|26
1627|16|27
1628|16|28
1629|16|29
1630|16|30
1631|16|31
1632|16|32
1633|16|33
1634|16|34
1635|16|35
1636|16|36
1637|16|37
1638|16|38
1639|16|39
1640|16|40
1641|16|41
1642|16|42
1643|16|43
1644|16|44
1645|16|45
1646|16|46
1647|16|47
1648|16|48
1649|16|49
1650|16|50
1651|16|51
1652|16|52
1653|16|53
1654|16|54
1655|16|55
1656|16|56
1657|16|57
1658|16|58
1659|16|59
1700|17|00
1701|17|01
1702|17|02
1703|17|03
1704|17|04
1705|17|05
1706|17|06
1707|17|07
1708|17|08
1709|17|09
1710|17|10
1711|17|11
1712|17|12
1713|17|13
1714|17|14
1715|17|15
1716|17|16
1717|17|17
1718|17|18
1719|17|19
1720|17|20
1721|17|21
1722|17|22
1723|17|23
1724|17|24
1725|17|25
1726|17|26
1727|17|27
1728|17|28
1729|17|29
1730|17|30
1731|17|31
1732|17|32
1733|17|33
1734|17|34
1735|17|35
1736|17|36
1737|17|37
1738|17|38
1739|17|39
1740|17|40
1741|17|41
1742|17|42
1743|17|43
1744|17|44
1745|17|45
1746|17|46
1747|17|47
1748|17|48
1749|17|49
1750|17|50
1751|17|51
1752|17|52
1753|17|53
1754|17|54
1755|17|55
1756|17|56
1757|17|57
1758|17|58
1759|17|59
1800|18|00
1801|18|01
1802|18|02
1803|18|03
1804|18|04
1805|18|05
1806|18|06
1807|18|07
1808|18|08
1809|18|09
1810|18|10
1811|18|11
1812|18|12
1813|18|13
1814|18|14
1815|18|15
1816|18|16
1817|18|17
1818|18|18
1819|18|19
1820|18|20
1821|18|21
1822|18|22
1823|18|23
1824|18|24
1825|18|25
1826|18|26
1827|18|27
1828|18|28
1829|18|29
1830|18|30
1831|18|31
1832|18|32
1833|18|33
1834|18|34
1835|18|35
1836|18|36
1837|18|37
1838|18|38
1839|18|39
1840|18|40
1841|18|41
1842|18|42
1843|18|43
1844|18|44
1845|18|45
1846|18|46
1847|18|47
1848|18|48
1849|18|49
1850|18|50
1851|18|51
1852|18|52
1853|18|53
1854|18|54
1855|18|55
1856|18|56
1857|18|57
1858|18|58
1859|18|59
1900|19|00
1901|19|01
1902|19|02
1903|19|03
1904|19|04
1905|19|05
1906|19|06
1907|19|07
1908|19|08
1909|19|09
1910|19|10
1911|19|11
1912|19|12
1913|19|13
1914|19|14
1915|19|15
1916|19|16
1917|19|17
1918|19|18
1919|19|19
1920|19|20
1921|19|21
1922|19|22
1923|19|23
1924|19|24
1925|19|25
1926|19|26
1927|19|27
1928|19|28
1929|19|29
1930|19|30
1931|19|31
1932|19|32
1933|19|33
1934|19|34
1935|19|35
1936|19|36
1937|19|37
1938|19|38
1939|19|39
1940|19|40
1941|19|41
1942|19|42
1943|19|43
1944|19|44
1945|19|45
1946|19|46
1947|19|47
1948|19|48
1949|19|49
1950|19|50
1951|19|51
1952|19|52
1953|19|53
1954|19|54
1955|19|55
1956|19|56
1957|19|57
1958|19|58
1959|19|59
2000|20|00
2001|20|01
2002|20|02
2003|20|03
2004|20|04
2005|20|05
2006|20|06
2007|20|07
2008|20|08
2009|20|09
2010|20|10
2011|20|11
2012|20|12
2013|20|13
2014|20|14
2015|20|15
2016|20|16
2017|20|17
2018|20|18
2019|20|19
2020|20|20
2021|20|21
2022|20|22
2023|20|23
2024|20|24
2025|20|25
2026|20|26
2027|20|27
2028|20|28
2029|20|29
2030|20|30
2031|20|31
2032|20|32
2033|20|33
2034|20|34
2035|20|35
2036|20|36
2037|20|37
2038|20|38
2039|20|39
2040|20|40
2041|20|41
2042|20|42
2043|20|43
2044|20|44
2045|20|45
2046|20|46
2047|20|47
2048|20|48
2049|20|49
2050|20|50
2051|20|51
2052|20|52
2053|20|53
2054|20|54
2055|20|55
2056|20|56
2057|20|57
2058|20|58
2059|20|59
2100|21|00
2101|21|01
2102|21|02
2103|21|03
2104|21|04
2105|21|05
2106|21|06
2107|21|07
2108|21|08
2109|21|09
2110|21|10
2111|21|11
2112|21|12
2113|21|13
2114|21|14
2115|21|15
2116|21|16
2117|21|17
2118|21|18
2119|21|19
2120|21|20
2121|21|21
2122|21|22
2123|21|23
2124|21|24
2125|21|25
2126|21|26
2127|21|27
2128|21|28
2129|21|29
2130|21|30
2131|21|31
2132|21|32
2133|21|33
2134|21|34
2135|21|35
2136|21|36
2137|21|37
2138|21|38
2139|21|39
2140|21|40
2141|21|41
2142|21|42
2143|21|43
2144|21|44
2145|21|45
2146|21|46
2147|21|47
2148|21|48
2149|21|49
2150|21|50
2151|21|51
2152|21|52
2153|21|53
2154|21|54
2155|21|55
2156|21|56
2157|21|57
2158|21|58
2159|21|59
2200|22|00
2201|22|01
2202|22|02
2203|22|03
2204|22|04
2205|22|05
2206|22|06
2207|22|07
2208|22|08
2209|22|09
2210|22|10
2211|22|11
2212|22|12
2213|22|13
2214|22|14
2215|22|15
2216|22|16
2217|22|17
2218|22|18
2219|22|19
2220|22|20
2221|22|21
2222|22|22
2223|22|23
2224|22|24
2225|22|25
2226|22|26
2227|22|27
2228|22|28
2229|22|29
2230|22|30
2231|22|31
2232|22|32
2233|22|33
2234|22|34
2235|22|35
2236|22|36
2237|22|37
2238|22|38
2239|22|39
2240|22|40
2241|22|41
2242|22|42
2243|22|43
2244|22|44
2245|22|45
2246|22|46
2247|22|47
2248|22|48
2249|22|49
2250|22|50
2251|22|51
2252|22|52
2253|22|53
2254|22|54
2255|22|55
2256|22|56
2257|22|57
2258|22|58
2259|22|59
2300|23|00
2301|23|01
2302|23|02
2303|23|03
2304|23|04
2305|23|05
2306|23|06
2307|23|07
2308|23|08
2309|23|09
2310|23|10
2311|23|11
2312|23|12
2313|23|13
2314|23|14
2315|23|15
2316|23|16
2317|23|17
2318|23|18
2319|23|19
2320|23|20
2321|23|21
2322|23|22
2323|23|23
2324|23|24
2325|23|25
2326|23|26
2327|23|27
2328|23|28
2329|23|29
2330|23|30
2331|23|31
2332|23|32
2333|23|33
2334|23|34
2335|23|35
2336|23|36
2337|23|37
2338|23|38
2339|23|39
2340|23|40
2341|23|41
2342|23|42
2343|23|43
2344|23|44
2345|23|45
2346|23|46
2347|23|47
2348|23|48
2349|23|49
2350|23|50
2351|23|51
2352|23|52
2353|23|53
2354|23|54
2355|23|55
2356|23|56
2357|23|57
2358|23|58
2359|23|59